{"CnnModel": {"Knot_Tying": {"LOUO": {"1": [{"test_loss": 1.1151491403579712, "test_acc_step": 0.7027027010917664, "test_acc_epoch": 0.7027027010917664}], "2": [{"test_loss": 0.2697133719921112, "test_acc_step": 0.942307710647583, "test_acc_epoch": 0.942307710647583}], "3": [{"test_loss": 0.2370315045118332, "test_acc_step": 0.9454545378684998, "test_acc_epoch": 0.9454545378684998}], "4": [{"test_loss": 0.06432165205478668, "test_acc_step": 0.9629629850387573, "test_acc_epoch": 0.9629629850387573}], "5": [{"test_loss": 0.5187763571739197, "test_acc_step": 0.8600000143051147, "test_acc_epoch": 0.8600000143051147}], "6": [{"test_loss": 0.32228580117225647, "test_acc_step": 0.9615384340286255, "test_acc_epoch": 0.9615384340286255}], "7": [{"test_loss": 0.19192412495613098, "test_acc_step": 0.9285714030265808, "test_acc_epoch": 0.9285714030265808}], "8": [{"test_loss": 0.14649350941181183, "test_acc_step": 0.9534883499145508, "test_acc_epoch": 0.9534883499145508}]}}, "Needle_Passing": {"LOUO": {"1": [{"test_loss": 3.8206281661987305, "test_acc_step": 0.5074626803398132, "test_acc_epoch": 0.5074626803398132}], "2": [{"test_loss": 0.8038923144340515, "test_acc_step": 0.7850467562675476, "test_acc_epoch": 0.7850467562675476}], "3": [{"test_loss": 0.7838301062583923, "test_acc_step": 0.8090909123420715, "test_acc_epoch": 0.8090909123420715}], "4": [{"test_loss": 0.23652952909469604, "test_acc_step": 0.9350649118423462, "test_acc_epoch": 0.9350649118423462}], "5": [{"test_loss": 0.08351799100637436, "test_acc_step": 0.9814814925193787, "test_acc_epoch": 0.9814814925193787}], "7": [{"test_loss": 0.9149661660194397, "test_acc_step": 0.6428571343421936, "test_acc_epoch": 0.6428571343421936}], "8": [{"test_loss": 0.14251147210597992, "test_acc_step": 0.9466666579246521, "test_acc_epoch": 0.9466666579246521}]}}, "Suturing": {"LOUO": {"1": [{"test_loss": 2.6403138637542725, "test_acc_step": 0.8333333134651184, "test_acc_epoch": 0.8333333134651184}], "2": [{"test_loss": 0.39180585741996765, "test_acc_step": 0.9791666865348816, "test_acc_epoch": 0.9791666865348816}], "3": [{"test_loss": 1.1051515340805054, "test_acc_step": 0.9561403393745422, "test_acc_epoch": 0.9561403393745422}], "4": [{"test_loss": 0.1988997906446457, "test_acc_step": 0.967391312122345, "test_acc_epoch": 0.967391312122345}], "5": [{"test_loss": 0.05138455331325531, "test_acc_step": 0.9888888597488403, "test_acc_epoch": 0.9888888597488403}], "6": [{"test_loss": 0.3128547668457031, "test_acc_step": 0.931034505367279, "test_acc_epoch": 0.931034505367279}], "7": [{"test_loss": 0.16562144458293915, "test_acc_step": 0.9418604373931885, "test_acc_epoch": 0.9418604373931885}], "8": [{"test_loss": 0.005830527748912573, "test_acc_step": 1.0, "test_acc_epoch": 1.0}]}}}, "LSTMModel": {"Knot_Tying": {"LOUO": {"1": [{"test_loss": 0.8557803630828857, "test_acc_step": 0.837837815284729, "test_acc_epoch": 0.837837815284729}], "2": [{"test_loss": 0.4686000943183899, "test_acc_step": 0.8269230723381042, "test_acc_epoch": 0.8269230723381042}], "3": [{"test_loss": 0.5715546011924744, "test_acc_step": 0.7818182110786438, "test_acc_epoch": 0.7818182110786438}], "4": [{"test_loss": 0.43225136399269104, "test_acc_step": 0.8518518805503845, "test_acc_epoch": 0.8518518805503845}], "5": [{"test_loss": 0.6510140299797058, "test_acc_step": 0.8600000143051147, "test_acc_epoch": 0.8600000143051147}], "6": [{"test_loss": 0.431811660528183, "test_acc_step": 0.9038461446762085, "test_acc_epoch": 0.9038461446762085}], "7": [{"test_loss": 0.2395784854888916, "test_acc_step": 0.9642857313156128, "test_acc_epoch": 0.9642857313156128}], "8": [{"test_loss": 0.1576298475265503, "test_acc_step": 1.0, "test_acc_epoch": 1.0}]}}, "Needle_Passing": {"LOUO": {"1": [{"test_loss": 1.5840665102005005, "test_acc_step": 0.611940324306488, "test_acc_epoch": 0.611940324306488}], "2": [{"test_loss": 1.3935500383377075, "test_acc_step": 0.644859790802002, "test_acc_epoch": 0.644859790802002}], "3": [{"test_loss": 1.7589303255081177, "test_acc_step": 0.6090909242630005, "test_acc_epoch": 0.6090909242630005}], "4": [{"test_loss": 0.6136958599090576, "test_acc_step": 0.8961039185523987, "test_acc_epoch": 0.8961039185523987}], "5": [{"test_loss": 0.645620584487915, "test_acc_step": 0.8888888955116272, "test_acc_epoch": 0.8888888955116272}], "7": [{"test_loss": 1.9916012287139893, "test_acc_step": 0.6071428656578064, "test_acc_epoch": 0.6071428656578064}], "8": [{"test_loss": 0.4747273325920105, "test_acc_step": 0.8933333158493042, "test_acc_epoch": 0.8933333158493042}]}}, "Suturing": {"LOUO": {"1": [{"test_loss": 1.4983713626861572, "test_acc_step": 0.6764705777168274, "test_acc_epoch": 0.6764705777168274}], "2": [{"test_loss": 0.2722744047641754, "test_acc_step": 0.9375, "test_acc_epoch": 0.9375}], "3": [{"test_loss": 0.4485596716403961, "test_acc_step": 0.9035087823867798, "test_acc_epoch": 0.9035087823867798}], "4": [{"test_loss": 0.47312602400779724, "test_acc_step": 0.8913043737411499, "test_acc_epoch": 0.8913043737411499}], "5": [{"test_loss": 0.14131700992584229, "test_acc_step": 0.9777777791023254, "test_acc_epoch": 0.9777777791023254}], "6": [{"test_loss": 1.119280219078064, "test_acc_step": 0.818965494632721, "test_acc_epoch": 0.818965494632721}], "7": [{"test_loss": 0.2646479606628418, "test_acc_step": 0.9186046719551086, "test_acc_epoch": 0.9186046719551086}], "8": [{"test_loss": 0.08683721721172333, "test_acc_step": 0.9896907210350037, "test_acc_epoch": 0.9896907210350037}]}}}, "NeuralODECnnModel": {"Knot_Tying": {"LOUO": {"1": [{"test_loss": 0.8581968545913696, "test_acc_step": 0.7837837934494019, "test_acc_epoch": 0.7837837934494019}], "2": [{"test_loss": 0.291090190410614, "test_acc_step": 0.9807692170143127, "test_acc_epoch": 0.9807692170143127}], "3": [{"test_loss": 0.6663300395011902, "test_acc_step": 0.8909090757369995, "test_acc_epoch": 0.8909090757369995}], "4": [{"test_loss": 0.06263679265975952, "test_acc_step": 1.0, "test_acc_epoch": 1.0}], "5": [{"test_loss": 0.5253758430480957, "test_acc_step": 0.8600000143051147, "test_acc_epoch": 0.8600000143051147}], "6": [{"test_loss": 0.3345002830028534, "test_acc_step": 0.9038461446762085, "test_acc_epoch": 0.9038461446762085}], "7": [{"test_loss": 0.1301981508731842, "test_acc_step": 0.9642857313156128, "test_acc_epoch": 0.9642857313156128}], "8": [{"test_loss": 0.064497210085392, "test_acc_step": 1.0, "test_acc_epoch": 1.0}]}}, "Needle_Passing": {"LOUO": {"1": [{"test_loss": 3.5804789066314697, "test_acc_step": 0.6268656849861145, "test_acc_epoch": 0.6268656849861145}], "2": [{"test_loss": 1.0570234060287476, "test_acc_step": 0.7476635575294495, "test_acc_epoch": 0.7476635575294495}], "3": [{"test_loss": 0.8287918567657471, "test_acc_step": 0.8545454740524292, "test_acc_epoch": 0.8545454740524292}], "4": [{"test_loss": 0.10595110803842545, "test_acc_step": 0.9740259647369385, "test_acc_epoch": 0.9740259647369385}], "5": [{"test_loss": 0.19216085970401764, "test_acc_step": 0.9444444179534912, "test_acc_epoch": 0.9444444179534912}], "7": [{"test_loss": 0.6988900899887085, "test_acc_step": 0.7857142686843872, "test_acc_epoch": 0.7857142686843872}], "8": [{"test_loss": 0.5645518898963928, "test_acc_step": 0.9200000166893005, "test_acc_epoch": 0.9200000166893005}]}}, "Suturing": {"LOUO": {"1": [{"test_loss": 0.9236600995063782, "test_acc_step": 0.8823529481887817, "test_acc_epoch": 0.8823529481887817}], "2": [{"test_loss": 0.3105621635913849, "test_acc_step": 0.9791666865348816, "test_acc_epoch": 0.9791666865348816}], "3": [{"test_loss": 0.9556981325149536, "test_acc_step": 0.9649122953414917, "test_acc_epoch": 0.9649122953414917}], "4": [{"test_loss": 0.5376003980636597, "test_acc_step": 0.9347826242446899, "test_acc_epoch": 0.9347826242446899}], "5": [{"test_loss": 0.13973607122898102, "test_acc_step": 0.9777777791023254, "test_acc_epoch": 0.9777777791023254}], "6": [{"test_loss": 0.77437424659729, "test_acc_step": 0.7844827771186829, "test_acc_epoch": 0.7844827771186829}],