{"CnnModel": {"Knot_Tying": {"1": {"val_loss": 6.639241695404053, "val_acc_step": 0.45945945382118225, "val_acc_epoch": 0.45945945382118225, "test_loss": 0.7885571718215942, "test_acc_step": 0.7027027010917664, "test_acc_epoch": 0.7027027010917664}, "2": {"val_loss": 1.0686819553375244, "val_acc_step": 0.8269230723381042, "val_acc_epoch": 0.8269230723381042, "test_loss": 0.199556365609169, "test_acc_step": 0.942307710647583, "test_acc_epoch": 0.942307710647583}, "3": {"val_loss": 9.833024024963379, "val_acc_step": 0.6909090876579285, "val_acc_epoch": 0.6909090876579285, "test_loss": 2.552990436553955, "test_acc_step": 0.7272727489471436, "test_acc_epoch": 0.7272727489471436}, "4": {"val_loss": 1.0089837312698364, "val_acc_step": 0.9074074029922485, "val_acc_epoch": 0.9074074029922485, "test_loss": 0.1969287097454071, "test_acc_step": 0.9629629850387573, "test_acc_epoch": 0.9629629850387573}, "5": {"val_loss": 3.793959856033325, "val_acc_step": 0.7599999904632568, "val_acc_epoch": 0.7599999904632568, "test_loss": 2.0301663875579834, "test_acc_step": 0.7799999713897705, "test_acc_epoch": 0.7799999713897705}, "6": {"val_loss": 4.539400100708008, "val_acc_step": 0.6153846383094788, "val_acc_epoch": 0.6153846383094788, "test_loss": 1.3236987590789795, "test_acc_step": 0.692307710647583, "test_acc_epoch": 0.692307710647583}, "7": {"val_loss": 2.7029120922088623, "val_acc_step": 0.8214285969734192, "val_acc_epoch": 0.8214285969734192, "test_loss": 1.0784132480621338, "test_acc_step": 0.8571428656578064, "test_acc_epoch": 0.8571428656578064}, "8": {"val_loss": 1.7783867120742798, "val_acc_step": 0.8139534592628479, "val_acc_epoch": 0.8139534592628479, "test_loss": 1.0126460790634155, "test_acc_step": 0.8139534592628479, "test_acc_epoch": 0.8139534592628479}}, "Needle_Passing": {"1": {"val_loss": 35.045711517333984, "val_acc_step": 0.02985074557363987, "val_acc_epoch": 0.02985074557363987, "test_loss": 1.3969026803970337, "test_acc_step": 0.6567164063453674, "test_acc_epoch": 0.6567164063453674}, "2": {"val_loss": 2.164168357849121, "val_acc_step": 0.514018714427948, "val_acc_epoch": 0.514018714427948, "test_loss": 0.9183396100997925, "test_acc_step": 0.7663551568984985, "test_acc_epoch": 0.7663551568984985}, "3": {"val_loss": 18.579471588134766, "val_acc_step": 0.4545454680919647, "val_acc_epoch": 0.4545454680919647, "test_loss": 2.964069128036499, "test_acc_step": 0.5909090638160706, "test_acc_epoch": 0.5909090638160706}, "4": {"val_loss": 7.2234907150268555, "val_acc_step": 0.5714285969734192, "val_acc_epoch": 0.5714285969734192, "test_loss": 1.2123202085494995, "test_acc_step": 0.7272727489471436, "test_acc_epoch": 0.7272727489471436}, "5": {"val_loss": 2.260767698287964, "val_acc_step": 0.7962962985038757, "val_acc_epoch": 0.7962962985038757, "test_loss": 0.7859480977058411, "test_acc_step": 0.8518518805503845, "test_acc_epoch": 0.8518518805503845}, "7": {"val_loss": 5.119720935821533, "val_acc_step": 0.2142857164144516, "val_acc_epoch": 0.2142857164144516, "test_loss": 2.117854118347168, "test_acc_step": 0.4642857015132904, "test_acc_epoch": 0.4642857015132904}, "8": {"val_loss": 14.895028114318848, "val_acc_step": 0.5066666603088379, "val_acc_epoch": 0.5066666603088379, "test_loss": 1.1431465148925781, "test_acc_step": 0.6800000071525574, "test_acc_epoch": 0.6800000071525574}}, "Suturing": {"1": {"val_loss": 2.772930145263672, "val_acc_step": 0.813725471496582, "val_acc_epoch": 0.813725471496582, "test_loss": 0.8380746841430664, "test_acc_step": 0.8725489974021912, "test_acc_epoch": 0.8725489974021912}, "2": {"val_loss": 1.2756844758987427, "val_acc_step": 0.8125, "val_acc_epoch": 0.8125, "test_loss": 0.6622054576873779, "test_acc_step": 0.90625, "test_acc_epoch": 0.90625}, "3": {"val_loss": 5.785548686981201, "val_acc_step": 0.5438596606254578, "val_acc_epoch": 0.5438596606254578, "test_loss": 1.451873540878296, "test_acc_step": 0.6754385828971863, "test_acc_epoch": 0.6754385828971863}, "4": {"val_loss": 4.2390618324279785, "val_acc_step": 0.6847826242446899, "val_acc_epoch": 0.6847826242446899, "test_loss": 1.554715871810913, "test_acc_step": 0.70652174949646, "test_acc_epoch": 0.70652174949646}, "5": {"val_loss": 0.9776199460029602, "val_acc_step": 0.8777777552604675, "val_acc_epoch": 0.8777777552604675, "test_loss": 0.5017271637916565, "test_acc_step": 0.9222221970558167, "test_acc_epoch": 0.9222221970558167}, "6": {"val_loss": 4.162407875061035, "val_acc_step": 0.4396551847457886, "val_acc_epoch": 0.4396551847457886, "test_loss": 2.0958783626556396, "test_acc_step": 0.6293103694915771, "test_acc_epoch": 0.6293103694915771}, "7": {"val_loss": 1.9662668704986572, "val_acc_step": 0.7558139562606812, "val_acc_epoch": 0.7558139562606812, "test_loss": 0.9194744825363159, "test_acc_step": 0.8372092843055725, "test_acc_epoch": 0.8372092843055725}, "8": {"val_loss": 3.570422649383545, "val_acc_step": 0.7113401889801025, "val_acc_epoch": 0.7113401889801025, "test_loss": 0.8106640577316284, "test_acc_step": 0.8556700944900513, "test_acc_epoch": 0.8556700944900513}}}, "LSTMModel": {"Knot_Tying": {"1": {"val_loss": 2.157273292541504, "val_acc_step": 0.4864864945411682, "val_acc_epoch": 0.4864864945411682, "test_loss": 1.0475434064865112, "test_acc_step": 0.6756756901741028, "test_acc_epoch": 0.6756756901741028}, "2": {"val_loss": 1.7371442317962646, "val_acc_step": 0.21153846383094788, "val_acc_epoch": 0.21153846383094788, "test_loss": 1.564643383026123, "test_acc_step": 0.557692289352417, "test_acc_epoch": 0.557692289352417}, "3": {"val_loss": 1.9826470613479614, "val_acc_step": 0.2545454502105713, "val_acc_epoch": 0.2545454502105713, "test_loss": 1.4926124811172485, "test_acc_step": 0.6545454263687134, "test_acc_epoch": 0.6545454263687134}, "4": {"val_loss": 0.8851059675216675, "val_acc_step": 0.7037037014961243, "val_acc_epoch": 0.7037037014961243, "test_loss": 0.9370295405387878, "test_acc_step": 0.7037037014961243, "test_acc_epoch": 0.7037037014961243}, "5": {"val_loss": 1.5268114805221558, "val_acc_step": 0.5, "val_acc_epoch": 0.5, "test_loss": 1.6902563571929932, "test_acc_step": 0.6600000262260437, "test_acc_epoch": 0.6600000262260437}, "6": {"val_loss": 1.3119444847106934, "val_acc_step": 0.6346153616905212, "val_acc_epoch": 0.6346153616905212, "test_loss": 1.1151511669158936, "test_acc_step": 0.6538461446762085, "test_acc_epoch": 0.6538461446762085}, "7": {"val_loss": 1.4576555490493774, "val_acc_step": 0.25, "val_acc_epoch": 0.25, "test_loss": 1.3695859909057617, "test_acc_step": 0.6785714030265808, "test_acc_epoch": 0.6785714030265808}, "8": {"val_loss": 0.7201159000396729, "val_acc_step": 0.7674418687820435, "val_acc_epoch": 0.7674418687820435, "test_loss": 0.46245312690734863, "test_acc_step": 0.9069767594337463, "test_acc_epoch": 0.9069767594337463}}, "Needle_Passing": {"1": {"val_loss": 2.0901260375976562, "val_acc_step": 0.49253731966018677, "val_acc_epoch": 0.49253731966018677, "test_loss": 1.352748990058899, "test_acc_step": 0.5970149040222168, "test_acc_epoch": 0.5970149040222168}, "2": {"val_loss": 1.3126542568206787, "val_acc_step": 0.5327102541923523, "val_acc_epoch": 0.5327102541923523, "test_loss": 1.1727230548858643, "test_acc_step": 0.6168224215507507, "test_acc_epoch": 0.6168224215507507}, "3": {"val_loss": 2.841702938079834, "val_acc_step": 0.4727272689342499, "val_acc_epoch": 0.4727272689342499, "test_loss": 2.8674235343933105, "test_acc_step": 0.5181818008422852, "test_acc_epoch": 0.5181818008422852}, "4": {"val_loss": 1.4357391595840454, "val_acc_step": 0.5064935088157654, "val_acc_epoch": 0.5064935088157654, "test_loss": 1.0106720924377441, "test_acc_step": 0.6753246784210205, "test_acc_epoch": 0.6753246784210205}, "5": {"val_loss": 1.3239694833755493, "val_acc_step": 0.5555555820465088, "val_acc_epoch": 0.5555555820465088, "test_loss": 1.0107015371322632, "test_acc_step": 0.7407407164573669, "test_acc_epoch": 0.7407407164573669}, "7": {"val_loss": 3.1477410793304443, "val_acc_step": 0.1785714328289032,