{"CnnModel": {"Knot_Tying": {"LOSO": {"1": [{"test_loss": 0.6078875660896301, "test_acc_step": 0.8732394576072693, "test_acc_epoch": 0.8732394576072693}], "2": [{"test_loss": 0.12294769287109375, "test_acc_step": 0.9855072498321533, "test_acc_epoch": 0.9855072498321533}], "3": [{"test_loss": 0.05021549388766289, "test_acc_step": 1.0, "test_acc_epoch": 1.0}], "4": [{"test_loss": 0.13342703878879547, "test_acc_step": 0.9871794581413269, "test_acc_epoch": 0.9871794581413269}], "5": [{"test_loss": 0.4106738567352295, "test_acc_step": 0.8783783912658691, "test_acc_epoch": 0.8783783912658691}]}, "LOUO": {"1": [{"test_loss": 0.14478206634521484, "test_acc_step": 0.9459459185600281, "test_acc_epoch": 0.9459459185600281}], "2": [{"test_loss": 0.06453056633472443, "test_acc_step": 0.9807692170143127, "test_acc_epoch": 0.9807692170143127}], "3": [{"test_loss": 0.1943838745355606, "test_acc_step": 0.9818181991577148, "test_acc_epoch": 0.9818181991577148}], "4": [{"test_loss": 0.02530583180487156, "test_acc_step": 1.0, "test_acc_epoch": 1.0}], "5": [{"test_loss": 0.29101264476776123, "test_acc_step": 0.9200000166893005, "test_acc_epoch": 0.9200000166893005}], "6": [{"test_loss": 0.1428186595439911, "test_acc_step": 0.9807692170143127, "test_acc_epoch": 0.9807692170143127}], "7": [{"test_loss": 0.0417579747736454, "test_acc_step": 1.0, "test_acc_epoch": 1.0}], "8": [{"test_loss": 0.0353049710392952, "test_acc_step": 1.0, "test_acc_epoch": 1.0}]}}, "Needle_Passing": {"LOSO": {"1": [{"test_loss": 1.363133430480957, "test_acc_step": 0.7075471878051758, "test_acc_epoch": 0.7075471878051758}], "2": [{"test_loss": 0.4735487401485443, "test_acc_step": 0.8974359035491943, "test_acc_epoch": 0.8974359035491943}], "3": [{"test_loss": 0.7077511548995972, "test_acc_step": 0.8879310488700867, "test_acc_epoch": 0.8879310488700867}], "4": [{"test_loss": 0.8637932538986206, "test_acc_step": 0.7166666388511658, "test_acc_epoch": 0.7166666388511658}], "5": [{"test_loss": 0.3560999929904938, "test_acc_step": 0.918367326259613, "test_acc_epoch": 0.918367326259613}]}, "LOUO": {"1": [{"test_loss": 0.2853256165981293, "test_acc_step": 0.9104477763175964, "test_acc_epoch": 0.9104477763175964}], "2": [{"test_loss": 0.3227369785308838, "test_acc_step": 0.9439252614974976, "test_acc_epoch": 0.9439252614974976}], "3": [{"test_loss": 1.134975790977478, "test_acc_step": 0.7818182110786438, "test_acc_epoch": 0.7818182110786438}], "4": [{"test_loss": 0.06752721220254898, "test_acc_step": 1.0, "test_acc_epoch": 1.0}], "5": [{"test_loss": 0.07383394986391068, "test_acc_step": 0.9814814925193787, "test_acc_epoch": 0.9814814925193787}], "7": [{"test_loss": 1.0622851848602295, "test_acc_step": 0.6071428656578064, "test_acc_epoch": 0.6071428656578064}], "8": [{"test_loss": 0.11646783351898193, "test_acc_step": 0.9599999785423279, "test_acc_epoch": 0.9599999785423279}]}}, "Suturing": {"LOSO": {"1": [{"test_loss": 1.8873387575149536, "test_acc_step": 0.8315789699554443, "test_acc_epoch": 0.8315789699554443}], "2": [{"test_loss": 0.2628513276576996, "test_acc_step": 0.9849624037742615, "test_acc_epoch": 0.9849624037742615}], "3": [{"test_loss": 0.21706129610538483, "test_acc_step": 0.9810126423835754, "test_acc_epoch": 0.9810126423835754}], "4": [{"test_loss": 0.2943969666957855, "test_acc_step": 0.9746835231781006, "test_acc_epoch": 0.9746835231781006}], "5": [{"test_loss": 0.0019500936614349484, "test_acc_step": 1.0, "test_acc_epoch": 1.0}]}, "LOUO": {"1": [{"test_loss": 0.5015031695365906, "test_acc_step": 0.970588207244873, "test_acc_epoch": 0.970588207244873}], "2": [{"test_loss": 0.2829284965991974, "test_acc_step": 0.9895833134651184, "test_acc_epoch": 0.9895833134651184}], "3": [{"test_loss": 0.24448542296886444, "test_acc_step": 0.9824561476707458, "test_acc_epoch": 0.9824561476707458}], "4": [{"test_loss": 0.13849498331546783, "test_acc_step": 0.97826087474823, "test_acc_epoch": 0.97826087474823}], "5": [{"test_loss": 0.12908099591732025, "test_acc_step": 0.9888888597488403, "test_acc_epoch": 0.9888888597488403}], "6": [{"test_loss": 0.34693092107772827, "test_acc_step": 0.9137930870056152, "test_acc_epoch": 0.9137930870056152}], "7": [{"test_loss": 0.011999712325632572, "test_acc_step": 1.0, "test_acc_epoch": 1.0}], "8": [{"test_loss": 0.1134527325630188, "test_acc_step": 0.9793814420700073, "test_acc_epoch": 0.9793814420700073}]}}}, "LSTMModel": {"Knot_Tying": {"LOSO": {"1": [{"test_loss": 0.7882456183433533, "test_acc_step": 0.8450704216957092, "test_acc_epoch": 0.8450704216957092}], "2": [{"test_loss": 0.06787262111902237, "test_acc_step": 0.9855072498321533, "test_acc_epoch": 0.9855072498321533}], "3": [{"test_loss": 0.06317655742168427, "test_acc_step": 1.0, "test_acc_epoch": 1.0}], "4": [{"test_loss": 0.08980037271976471, "test_acc_step": 0.9871794581413269, "test_acc_epoch": 0.9871794581413269}], "5": [{"test_loss": 0.2157934308052063, "test_acc_step": 0.9594594836235046, "test_acc_epoch": 0.9594594836235046}]}, "LOUO": {"1": [{"test_loss": 0.15493212640285492, "test_acc_step": 0.9729729890823364, "test_acc_epoch": 0.9729729890823364}], "2": [{"test_loss": 0.13619039952754974, "test_acc_step": 0.9615384340286255, "test_acc_epoch": 0.9615384340286255}], "3": [{"test_loss": 0.06304812431335449, "test_acc_step": 1.0, "test_acc_epoch": 1.0}], "4": [{"test_loss": 0.06937198340892792, "test_acc_step": 1.0, "test_acc_epoch": 1.0}], "5": [{"test_loss": 0.1343858689069748, "test_acc_step": 0.9800000190734863, "test_acc_epoch": 0.9800000190734863}], "6": [{"test_loss": 0.34427616000175476, "test_acc_step": 0.942307710647583, "test_acc_epoch": 0.942307710647583}], "7": [{"test_loss": 0.12435103952884674, "test_acc_step": 0.9642857313156128, "test_acc_epoch": 0.9642857313156128}], "8": [{"test_loss": 0.028815466910600662, "test_acc_step": 1.0, "test_acc_epoch": 1.0}]}}, "Needle_Passing": {"LOSO": {"1": [{"test_loss": 1.4110981225967407, "test_acc_step": 0.6698113083839417, "test_acc_epoch": 0.6698113083839417}], "2": [{"test_loss": 0.4042607545852661, "test_acc_step": 0.8846153616905212, "test_acc_epoch": 0.8846153616905212}], "3": [{"test_loss": 0.7886834740638733, "test_acc_step": 0.7758620977401733, "test_acc_epoch": 0.7758620977401733}], "4": [{"test_loss": 2.2344818115234375, "test_acc_step": 0.6916666626930237, "test_acc_epoch": 0.6916666626930237}], "5": [{"test_loss": 0.5316557884216309, "test_acc_step": 0.8775510191917419, "test_acc_epoch": 0.8775510191917419}]}, "LOUO": {"1": [{"test_loss": 0.41747745871543884, "test_acc_step": 0.9402984976768494, "test_acc_epoch": 0.9402984976768494}], "2": [{"test_loss": 0.3129788339138031, "test_acc_step": 0.8878504633903503, "test_acc_epoch": 0.8878504633903503}], "3": [{"test_loss": 1.3711625337600708, "test_acc_step": 0.7454545497894287, "test_acc_epoch": 0.7454545497894287}], "4": [{"test_loss": 0.6330859065055847, "test_acc_step": 0.8701298832893372, "test_acc_epoch": 0.8701298832893372}], "5": [{"test_loss": 0.3783138394355774, "test_acc_step": 0.9259259104728699, "test_acc_epoch": 0.9259259104728699}], "7": [{"test_loss": 0.9858755469322205, "test_acc_step": 0.75, "test_acc_epoch": 0.75}], "8": [{"test_loss": 0.31264883279800415, "test_acc_step": 0.9066666960716248, "test_acc_epoch": 0.9066666960716248}]}}, "Suturing": {"LOSO": {"1": [{"test_loss": 1.7338109016418457, "test_acc_step": 0.7157894968986511, "test_acc_epoch": 0.7157894968986511}], "2": [{"test_loss": 0.6114630699157715, "test_acc_step": 0.8796992301940918, "test_acc_epoch": 0.8796992301940918}], "3": [{"test_loss": 0.5561803579330444, "test_acc_step": 0.9177215099334717, "test_acc_epoch": 0.9177215099334717}], "4": [{"test_loss": 0.33175963163375854, "test_acc_step": 0.9240506291389465, "test_acc_epoch": 0.9240506291389465}], "5": [{"test_loss": 0.19890305399894714, "test_acc_step": 0.9610389471054077, "test_acc_epoch": 0.9610389471054077}]}, "LOUO": {"1": [{"test_loss": 0.4319160282611847, "test_acc_step": 0.9019607901573181, "test_acc_epoch": 0.9019607901573181}],