{"CnnModel": {"Knot_Tying": {"LOSO": {"1": [{"test_loss": 0.7688856720924377, "test_acc_step": 0.8732394576072693, "test_acc_epoch": 0.8732394576072693}], "2": [{"test_loss": 0.19603575766086578, "test_acc_step": 0.9855072498321533, "test_acc_epoch": 0.9855072498321533}], "3": [{"test_loss": 0.09172207117080688, "test_acc_step": 1.0, "test_acc_epoch": 1.0}], "4": [{"test_loss": 0.17408835887908936, "test_acc_step": 0.9871794581413269, "test_acc_epoch": 0.9871794581413269}], "5": [{"test_loss": 0.4102802574634552, "test_acc_step": 0.8648648858070374, "test_acc_epoch": 0.8648648858070374}]}, "LOUO": {"1": [{"test_loss": 0.24168092012405396, "test_acc_step": 0.9459459185600281, "test_acc_epoch": 0.9459459185600281}], "2": [{"test_loss": 0.034043874591588974, "test_acc_step": 1.0, "test_acc_epoch": 1.0}], "3": [{"test_loss": 0.13091158866882324, "test_acc_step": 0.9818181991577148, "test_acc_epoch": 0.9818181991577148}], "4": [{"test_loss": 0.027567576617002487, "test_acc_step": 1.0, "test_acc_epoch": 1.0}], "5": [{"test_loss": 0.31289514899253845, "test_acc_step": 0.9200000166893005, "test_acc_epoch": 0.9200000166893005}], "6": [{"test_loss": 0.27566206455230713, "test_acc_step": 0.9230769276618958, "test_acc_epoch": 0.9230769276618958}], "7": [{"test_loss": 0.05237508565187454, "test_acc_step": 1.0, "test_acc_epoch": 1.0}], "8": [{"test_loss": 0.03649833798408508, "test_acc_step": 1.0, "test_acc_epoch": 1.0}]}}, "Needle_Passing": {"LOSO": {"1": [{"test_loss": 1.4196637868881226, "test_acc_step": 0.6698113083839417, "test_acc_epoch": 0.6698113083839417}], "2": [{"test_loss": 0.8415608406066895, "test_acc_step": 0.8846153616905212, "test_acc_epoch": 0.8846153616905212}], "3": [{"test_loss": 1.233202576637268, "test_acc_step": 0.9137930870056152, "test_acc_epoch": 0.9137930870056152}], "4": [{"test_loss": 0.6364286541938782, "test_acc_step": 0.824999988079071, "test_acc_epoch": 0.824999988079071}], "5": [{"test_loss": 0.46655336022377014, "test_acc_step": 0.9489796161651611, "test_acc_epoch": 0.9489796161651611}]}, "LOUO": {"1": [{"test_loss": 0.6539122462272644, "test_acc_step": 0.8805969953536987, "test_acc_epoch": 0.8805969953536987}], "2": [{"test_loss": 0.22807437181472778, "test_acc_step": 0.9626168012619019, "test_acc_epoch": 0.9626168012619019}], "3": [{"test_loss": 2.053236722946167, "test_acc_step": 0.8181818127632141, "test_acc_epoch": 0.8181818127632141}], "4": [{"test_loss": 0.022120928391814232, "test_acc_step": 1.0, "test_acc_epoch": 1.0}], "5": [{"test_loss": 0.06617490202188492, "test_acc_step": 0.9814814925193787, "test_acc_epoch": 0.9814814925193787}], "7": [{"test_loss": 1.225646734237671, "test_acc_step": 0.6428571343421936, "test_acc_epoch": 0.6428571343421936}], "8": [{"test_loss": 0.12125760316848755, "test_acc_step": 0.9733333587646484, "test_acc_epoch": 0.9733333587646484}]}}, "Suturing": {"LOSO": {"1": [{"test_loss": 1.2064107656478882, "test_acc_step": 0.7947368621826172, "test_acc_epoch": 0.7947368621826172}], "2": [{"test_loss": 0.19298462569713593, "test_acc_step": 0.969924807548523, "test_acc_epoch": 0.969924807548523}], "3": [{"test_loss": 0.21533454954624176, "test_acc_step": 0.9746835231781006, "test_acc_epoch": 0.9746835231781006}], "4": [{"test_loss": 0.40185362100601196, "test_acc_step": 0.949367105960846, "test_acc_epoch": 0.949367105960846}], "5": [{"test_loss": 0.04438368231058121, "test_acc_step": 0.9935064911842346, "test_acc_epoch": 0.9935064911842346}]}, "LOUO": {"1": [{"test_loss": 0.4671723544597626, "test_acc_step": 0.9607843160629272, "test_acc_epoch": 0.9607843160629272}], "2": [{"test_loss": 0.014546639285981655, "test_acc_step": 1.0, "test_acc_epoch": 1.0}], "3": [{"test_loss": 0.397072434425354, "test_acc_step": 0.9561403393745422, "test_acc_epoch": 0.9561403393745422}], "4": [{"test_loss": 0.03129921108484268, "test_acc_step": 0.989130437374115, "test_acc_epoch": 0.989130437374115}], "5": [{"test_loss": 0.00660370197147131, "test_acc_step": 1.0, "test_acc_epoch": 1.0}], "6": [{"test_loss": 0.2957445979118347, "test_acc_step": 0.9137930870056152, "test_acc_epoch": 0.9137930870056152}], "7": [{"test_loss": 0.03326757997274399, "test_acc_step": 1.0, "test_acc_epoch": 1.0}], "8": [{"test_loss": 0.019680878147482872, "test_acc_step": 0.9896907210350037, "test_acc_epoch": 0.9896907210350037}]}}}, "LSTMModel": {"Knot_Tying": {"LOSO": {"1": [{"test_loss": 1.3030025959014893, "test_acc_step": 0.4647887349128723, "test_acc_epoch": 0.4647887349128723}], "2": [{"test_loss": 1.3008133172988892, "test_acc_step": 0.4492753744125366, "test_acc_epoch": 0.4492753744125366}], "3": [{"test_loss": 1.1006321907043457, "test_acc_step": 0.5063291192054749, "test_acc_epoch": 0.5063291192054749}], "4": [{"test_loss": 1.0851889848709106, "test_acc_step": 0.6666666865348816, "test_acc_epoch": 0.6666666865348816}], "5": [{"test_loss": 0.9151941537857056, "test_acc_step": 0.8108108043670654, "test_acc_epoch": 0.8108108043670654}]}, "LOUO": {"1": [{"test_loss": 0.32432058453559875, "test_acc_step": 0.9459459185600281, "test_acc_epoch": 0.9459459185600281}], "2": [{"test_loss": 0.4410225749015808, "test_acc_step": 0.9038461446762085, "test_acc_epoch": 0.9038461446762085}], "3": [{"test_loss": 0.15806113183498383, "test_acc_step": 0.9818181991577148, "test_acc_epoch": 0.9818181991577148}], "4": [{"test_loss": 0.195541650056839, "test_acc_step": 0.9629629850387573, "test_acc_epoch": 0.9629629850387573}], "5": [{"test_loss": 0.4314948320388794, "test_acc_step": 0.8999999761581421, "test_acc_epoch": 0.8999999761581421}], "6": [{"test_loss": 0.0759548470377922, "test_acc_step": 1.0, "test_acc_epoch": 1.0}], "7": [{"test_loss": 0.15226292610168457, "test_acc_step": 0.9285714030265808, "test_acc_epoch": 0.9285714030265808}], "8": [{"test_loss": 0.1161545142531395, "test_acc_step": 1.0, "test_acc_epoch": 1.0}]}}, "Needle_Passing": {"LOSO": {"1": [{"test_loss": 1.621329665184021, "test_acc_step": 0.6320754885673523, "test_acc_epoch": 0.6320754885673523}], "2": [{"test_loss": 1.4024980068206787, "test_acc_step": 0.6538461446762085, "test_acc_epoch": 0.6538461446762085}], "3": [{"test_loss": 1.4855633974075317, "test_acc_step": 0.5775862336158752, "test_acc_epoch": 0.5775862336158752}], "4": [{"test_loss": 1.256420612335205, "test_acc_step": 0.6000000238418579, "test_acc_epoch": 0.6000000238418579}], "5": [{"test_loss": 0.9863985180854797, "test_acc_step": 0.7653061151504517, "test_acc_epoch": 0.7653061151504517}]}, "LOUO": {"1": [{"test_loss": 1.213047742843628, "test_acc_step": 0.746268630027771, "test_acc_epoch": 0.746268630027771}], "2": [{"test_loss": 0.9052248001098633, "test_acc_step": 0.7663551568984985, "test_acc_epoch": 0.7663551568984985}], "3": [{"test_loss": 1.1755995750427246, "test_acc_step": 0.6363636255264282, "test_acc_epoch": 0.6363636255264282}], "4": [{"test_loss": 0.6413436532020569, "test_acc_step": 0.8181818127632141, "test_acc_epoch": 0.8181818127632141}], "5": [{"test_loss": 0.4290604293346405, "test_acc_step": 0.9074074029922485, "test_acc_epoch": 0.9074074029922485}], "7": [{"test_loss": 0.7845927476882935, "test_acc_step": 0.75, "test_acc_epoch": 0.75}], "8": [{"test_loss": 0.4542350172996521, "test_acc_step": 0.9200000166893005, "test_acc_epoch": 0.9200000166893005}]}}, "Suturing": {"LOSO": {"1": [{"test_loss": 1.3762770891189575, "test_acc_step": 0.6578947305679321, "test_acc_epoch": 0.6578947305679321}], "2": [{"test_loss": 0.5725562572479248, "test_acc_step": 0.8721804618835449, "test_acc_epoch": 0.8721804618835449}], "3": [{"test_loss": 0.6722074151039124, "test_acc_step": 0.8670886158943176, "test_acc_epoch": 0.8670886158943176}], "4": [{"test_loss": 0.5414908528327942, "test_acc_step": 0.892405092716217, "test_acc_epoch": 0.892405092716217}], "5": [{"test_loss": 0.28427955508232117, "test_acc_step": 0.948051929473877, "test_acc_epoch": 0.948051929473877}]}, "LOUO": {"1": [{"test_loss": 0.7039814591407776, "test_acc_step": 0.8333333134651184, "test_acc_epoch": 0.8333333134651184}],